{
    "infotic": {
        "materia": "bases de datos",
        "temas": " hay que hacer la pagina",
        "fecha": "17/4",
        "id": "infotic",
        "link": "https://campus.belgrano.ort.edu.ar/tic/tp/1228124/trabajo-practico-nro-1-html-css-infotic"
    },
    "tp-matadero": {
        "materia": "lengua",
        "temas": " guia de actividades del matadero",
        "fecha": "24/4",
        "id": "tp-matadero",
        "link": "https://campus.belgrano.ort.edu.ar/lengua/tp/1236272/trabajo-practico-el-matadero-"
    },
    "autoevaluacion-matematica": {
        "materia": "matematica",
        "temas": " hacelo si te pinta",
        "fecha": "sin fecha",
        "id": "autoevaluacion-matematica",
        "link": "https://campus.belgrano.ort.edu.ar/matematica/formulario/1232253/formulario-2-polinomios"
    },
    "tp4-tp5": {
        "materia": "modelaje e interaccion 3d",
        "temas": " hacer tp 4 y 5 de unity",
        "fecha": "indefinido",
        "id": "tp4-tp5",
        "link": "https://campus.belgrano.ort.edu.ar/tic/tp/1232521/tp-mei-04-arrays-en-unity \n https://campus.belgrano.ort.edu.ar/tic/tp/1232523/tp-mei-05-iterar-un-array-con-for"
    },
    "calidosciclo": {
        "materia": "arte",
        "temas": "hacer la verga esa",
        "fecha": "indefinido",
        "id": "calidosciclo",
        "link": "https://campus.belgrano.ort.edu.ar/educaciontecnologica/articulo/1188559/actividad-n-2-%7C-instructivo-de-armado-de-calidosciclo-%7C-4to-a"
    },
    "tp-ranzo-power": {
        "materia": "Taller de programacion",
        "temas": "grupos de a 4",
        "fecha": "27/4",
        "id": "tp-ranzo-power",
        "link": "https://campus.belgrano.ort.edu.ar/tic/tp/1232544/accesibilidad-diseno-ux-y-diseno-ui"
    },
    "tarea fisica cinematica": {
        "materia": "fisica",
        "temas": "hacer formulario de cinematica",
        "fecha": "20/4",
        "id": "tarea fisica cinematica",
        "link": "https://campus.belgrano.ort.edu.ar/fisica/articulo/1239135/ejercicios-mru"
    },
    "tarea/tp de geo": {
        "materia": "geografia",
        "temas": "ORGANIZACIÓN GEOHISTORICA DEL TERRITORIO ARGENTINO",
        "fecha": "21/4",
        "id": "tarea/tp de geo",
        "link": "https://campus.belgrano.ort.edu.ar/cienciassociales/articulo/1227016/organizacion-geohistorica-del-territorio-argentino"
    },
    "iot-formulario": {
        "materia": "IoT",
        "temas": "Ver dos videos nuevos",
        "fecha": "21/4",
        "id": "iot-formulario",
        "link": "https://campus.belgrano.ort.edu.ar/tic/formulario/1242259/repaso-unidad-2-parte-3-y-4"
    }
}